<?xml version="1.0" encoding="UTF-8"?>
<project-private xmlns="http://www.netbeans.org/ns/project-private/1">
    <editor-bookmarks xmlns="http://www.netbeans.org/ns/editor-bookmarks/2" lastBookmarkId="0"/>
    <open-files xmlns="http://www.netbeans.org/ns/projectui-open-files/2">
        <group>
            <file>file:/C:/Users/lab_services_student/Documents/NetBeansProjects/ST10285958/src/userapp/UserRegistration.java</file>
            <file>file:/C:/Users/lab_services_student/Documents/NetBeansProjects/ST10285958/src/userapp/User.java</file>
            <file>file:/C:/Users/lab_services_student/Documents/NetBeansProjects/ST10285958/src/userapp/MyClass.java</file>
        </group>
    </open-files>
</project-private>
